<eml:eml xmlns:eml="eml://ecoinformatics.org/eml-2.1.1"
    xmlns:dc="http://purl.org/dc/terms/"
    xmlns:xsi="http://www.w3.org/2001/XMLSchema-instance"
    xsi:schemaLocation="eml://ecoinformatics.org/eml-2.1.1 http://rs.gbif.org/schema/eml-gbif-profile/1.1/eml.xsd"
    packageId="84d26682-f762-11e1-a439-00145eb45e9a/v9.3" system="http://gbif.org" scope="system"
    xml:lang="en">
<dataset>
<title xml:lang="en">Polymetallic nodule field Targeted loci environmental</title>

<creator>
<organizationName>BioProject</organizationName>
<address>
    <deliveryPoint></deliveryPoint>
    <city></city>
    <postalCode></postalCode>
    <country>undefined</country>
</address>
<phone></phone>
</creator>

<metadataProvider>
<organizationName>BioProject</organizationName>
<address>
    <deliveryPoint></deliveryPoint>
    <city></city>
    <postalCode></postalCode>
    <country>undefined</country>
</address>
<phone></phone>
</metadataProvider>

<pubDate>
 2018-06-11T12:58:14
</pubDate>
<language>en</language>
<abstract>
     <para>Abyssal sediments, polymetallic nodules, and water-column samples were collected from the UKSRL1 claim area within the Clarion-Clipperton fracture zone in the Pacific Ocean.</para>
</abstract>
<keywordSet>
       <keyword>Metagenomics</keyword>
       <keyword>environmental genomics</keyword>
        <keywordThesaurus>N/A</keywordThesaurus>
</keywordSet>

<intellectualRights>
<para>This work is licensed under a <ulink url="http://creativecommons.org/licenses/by/4.0/legalcode"><citetitle>Creative Commons Attribution Non Commercial (CC-BY) 4.0 License</citetitle></ulink>.</para>
</intellectualRights>
<distribution scope="document">
<online>
 <url function="information">https://www.ebi.ac.uk/metagenomics/studies/MGYS00002405</url>
</online>
</distribution>

<maintenance>
<description>
 <para></para>
</description>
<maintenanceUpdateFrequency>unkown</maintenanceUpdateFrequency>
</maintenance>

 <contact>
 <organizationName>BioProject</organizationName>
<address>
    <deliveryPoint></deliveryPoint>
    <city></city>
    <postalCode></postalCode>
    <country>undefined</country>
</address>
<phone></phone>

 </contact>
<methods>
   <methodStep>
     <description>
       <para>Pipeline used: https://www.ebi.ac.uk/metagenomics/pipelines/4.1</para>
     </description>
   </methodStep>
 <sampling>

   <samplingDescription>
     <para>
     Abyssal sediments, polymetallic nodules, and water-column samples were collected from the UKSRL1 claim area within the Clarion-Clipperton fracture zone in the Pacific Ocean.
     </para>
   </samplingDescription>
 </sampling>
 
</methods>
<project >
<title>Polymetallic nodule field Targeted loci environmental</title>

</project>
</dataset>
<additionalMetadata>
<metadata>
<gbif>
<bibliography>     
    <citation identifier="DOI:10.1002/mbo3.428">Shulse CN, Maillot B, Smith CR, Church MJ. 2017. Polymetallic nodules, sediments, and deep waters in the equatorial North Pacific exhibit highly diverse and distinct bacterial, archaeal, and microeukaryotic communities. Microbiologyopen vol. 6</citation>
  </bibliography>
</gbif>

</metadata>
</additionalMetadata>
</eml:eml>