<eml:eml xmlns:eml="eml://ecoinformatics.org/eml-2.1.1"
    xmlns:dc="http://purl.org/dc/terms/"
    xmlns:xsi="http://www.w3.org/2001/XMLSchema-instance"
    xsi:schemaLocation="eml://ecoinformatics.org/eml-2.1.1 http://rs.gbif.org/schema/eml-gbif-profile/1.1/eml.xsd"
    packageId="84d26682-f762-11e1-a439-00145eb45e9a/v9.3" system="http://gbif.org" scope="system"
    xml:lang="eng">
<dataset>
<title xml:lang="eng">Amplicon sequencing of Tara Oceans DNA samples corresponding to size fractions for protists.</title>

<creator>
<organizationName>The French National Sequencing Center (Genoscope)</organizationName>
<address>
    <deliveryPoint>Le Ponant Building D - 25 rue Leblanc</deliveryPoint>
    <city>PARIS - RCS B 775 685 019</city>
    <postalCode>75015</postalCode>
    <country>FR</country>
</address>
<phone>+33 (0) 1 64 50 20 59</phone>
</creator>

<metadataProvider>
<organizationName>The French National Sequencing Center (Genoscope)</organizationName>
<address>
    <deliveryPoint>Le Ponant Building D - 25 rue Leblanc</deliveryPoint>
    <city>PARIS - RCS B 775 685 019</city>
    <postalCode>75015</postalCode>
    <country>FR</country>
</address>
<phone>+33 (0) 1 64 50 20 59</phone>
</metadataProvider>

<pubDate>
 2018-06-07T16:27:48
</pubDate>
<language>en</language>
<abstract>
     <para>Seawater was filtered from different depths to retain small and large cell sizes (Protists Organisms). The DNA was extracted and amplified by PCR.</para>
</abstract>
<keywordSet>
       <keyword>Metagenomics</keyword>
       <keyword>environmental genomics</keyword>
        <keywordThesaurus>N/A</keywordThesaurus>
</keywordSet>

<intellectualRights>
<para>This work is licensed under a <ulink url="http://creativecommons.org/licenses/by/4.0/legalcode"><citetitle>Creative Commons Attribution Non Commercial (CC-BY) 4.0 License</citetitle></ulink>.</para>
</intellectualRights>
<distribution scope="document">
<online>
 <url function="information">https://www.ebi.ac.uk/metagenomics/studies/MGYS00002392</url>
</online>
</distribution>

<maintenance>
<description>
 <para></para>
</description>
<maintenanceUpdateFrequency>unkown</maintenanceUpdateFrequency>
</maintenance>

 <contact>
 <organizationName>GSC</organizationName>

 </contact>
<methods>
   <methodStep>
     <description>
       <para>Pipeline used: https://www.ebi.ac.uk/metagenomics/pipelines/4.1</para>
     </description>
   </methodStep>
 <sampling>

   <samplingDescription>
     <para>
     Seawater was filtered from different depths to retain small and large cell sizes (Protists Organisms). The DNA was extracted and amplified by PCR.
     </para>
   </samplingDescription>
 </sampling>
 
</methods>
<project >
<title>Amplicon sequencing of Tara Oceans DNA samples corresponding to size fractions for protists.</title>

</project>
</dataset>
<additionalMetadata>
<metadata>
<gbif>
<bibliography>     
    <citation identifier="DOI:10.1038/s41396-017-0029-1">Vincent FJ, Colin S, Romac S, Scalco E, Bittner L, Garcia Y, Lopes RM, Dolan JR, Zingone A, de Vargas C, Bowler C. 2018. The epibiotic life of the cosmopolitan diatom Fragilariopsis doliolus on heterotrophic ciliates in the open ocean. ISME J vol. 12</citation> <citation identifier="DOI:10.1038/ismej.2017.12">Biard T, Bigeard E, Audic S, Poulain J, Gutierrez-Rodriguez A, Pesant S, Stemmann L, Not F. 2017. Biogeography and diversity of Collodaria (Radiolaria) in the global ocean. ISME J vol. 11</citation> <citation identifier="DOI:10.1038/nature16942">Guidi L, Chaffron S, Bittner L, Eveillard D, Larhlimi A, Roux S, Darzi Y, Audic S, Berline L, Brum J, Coelho LP, Espinoza JCI, Malviya S, Sunagawa S, Dimier C, Kandels-Lewis S, Picheral M, Poulain J, Searson S, Tara Oceans coordinators, Stemmann L, Not F, Hingamp P, Speich S, Follows M, Karp-Boss L, Boss E, Ogata H, Pesant S, Weissenbach J, Wincker P, Acinas SG, Bork P, de Vargas C, Iudicone D, Sullivan MB, Raes J, Karsenti E, Bowler C, Gorsky G. 2016. Plankton networks driving carbon export in the oligotrophic ocean. Nature vol. 532</citation>
  </bibliography>
</gbif>

</metadata>
</additionalMetadata>
</eml:eml>