<eml:eml xmlns:eml="eml://ecoinformatics.org/eml-2.1.1"
    xmlns:dc="http://purl.org/dc/terms/"
    xmlns:xsi="http://www.w3.org/2001/XMLSchema-instance"
    xsi:schemaLocation="eml://ecoinformatics.org/eml-2.1.1 http://rs.gbif.org/schema/eml-gbif-profile/1.1/eml.xsd"
    packageId="84d26682-f762-11e1-a439-00145eb45e9a/v9.3" system="http://gbif.org" scope="system"
    xml:lang="en">
<dataset>
<title xml:lang="en">Amplicon sequencing of Tara Oceans RNA samples corresponding to
size fractions for protists.</title>

<creator>
<organizationName>The French National Sequencing Center (Genoscope)</organizationName>
<address>
    <deliveryPoint>Le Ponant Building D - 25 rue Leblanc</deliveryPoint>
    <city>PARIS - RCS B 775 685 019</city>
    <postalCode>75015</postalCode>
    <country>FR</country>
</address>
<phone>+33 (0) 1 64 50 20 59</phone>
</creator>

<metadataProvider>
<organizationName>The French National Sequencing Center (Genoscope)</organizationName>
<address>
    <deliveryPoint>Le Ponant Building D - 25 rue Leblanc</deliveryPoint>
    <city>PARIS - RCS B 775 685 019</city>
    <postalCode>75015</postalCode>
    <country>FR</country>
</address>
<phone>+33 (0) 1 64 50 20 59</phone>
</metadataProvider>

<pubDate>
 2017-06-07T13:22:52
</pubDate>
<language>en</language>
<abstract>
     <para>Seawater was filtered from different depths to retain small
and large cell sizes (Protist Organisms). The RNA was extracted, cDNA prepared
then amplified by PCR.</para>
</abstract>
<keywordSet>
       <keyword>Metagenomics</keyword>
       <keyword>environmental genomics</keyword>
        <keywordThesaurus>N/A</keywordThesaurus>
</keywordSet>

<intellectualRights>
<para>This work is licensed under a <ulink url="http://creativecommons.org/licenses/by/4.0/legalcode"><citetitle>Creative Commons Attribution Non Commercial (CC-BY) 4.0 License</citetitle></ulink>.</para>
</intellectualRights>
<distribution scope="document">
<online>
 <url function="information">https://www.ebi.ac.uk/metagenomics/studies/MGYS00001789</url>
</online>
</distribution>

<maintenance>
<description>
 <para></para>
</description>
<maintenanceUpdateFrequency>unkown</maintenanceUpdateFrequency>
</maintenance>

 <contact>
 <organizationName>The French National Sequencing Center (Genoscope)</organizationName>
<address>
    <deliveryPoint>Le Ponant Building D - 25 rue Leblanc</deliveryPoint>
    <city>PARIS - RCS B 775 685 019</city>
    <postalCode>75015</postalCode>
    <country>FR</country>
</address>
<phone>+33 (0) 1 64 50 20 59</phone>

 </contact>
<methods>
   <methodStep>
     <description>
       <para>Pipeline used: https://www.ebi.ac.uk/metagenomics/pipelines/4.1</para>
     </description>
   </methodStep>
 <sampling>

   <samplingDescription>
     <para>
     Seawater was filtered from different depths to retain small
and large cell sizes (Protist Organisms). The RNA was extracted, cDNA prepared
then amplified by PCR.
     </para>
   </samplingDescription>
 </sampling>
 
</methods>
<project >
<title>Amplicon sequencing of Tara Oceans RNA samples corresponding to
size fractions for protists.</title>

</project>
</dataset>
<additionalMetadata>
<metadata>
<gbif>
<bibliography>     
    
  </bibliography>
</gbif>

</metadata>
</additionalMetadata>
</eml:eml>