<eml:eml xmlns:eml="eml://ecoinformatics.org/eml-2.1.1"
    xmlns:dc="http://purl.org/dc/terms/"
    xmlns:xsi="http://www.w3.org/2001/XMLSchema-instance"
    xsi:schemaLocation="eml://ecoinformatics.org/eml-2.1.1 http://rs.gbif.org/schema/eml-gbif-profile/1.1/eml.xsd"
    packageId="84d26682-f762-11e1-a439-00145eb45e9a/v9.3" system="http://gbif.org" scope="system"
    xml:lang="en">
<dataset>
<title xml:lang="en">Microbial communities associated with ferromanganese nodules and the surrounding sediments</title>

<creator>
<organizationName>BioProject</organizationName>
<address>
    <deliveryPoint></deliveryPoint>
    <city></city>
    <postalCode></postalCode>
    <country>undefined</country>
</address>
<phone></phone>
</creator>

<metadataProvider>
<organizationName>BioProject</organizationName>
<address>
    <deliveryPoint></deliveryPoint>
    <city></city>
    <postalCode></postalCode>
    <country>undefined</country>
</address>
<phone></phone>
</metadataProvider>

<pubDate>
 2018-07-11T15:02:09
</pubDate>
<language>en</language>
<abstract>
     <para>The formation and maintenance of deep-sea ferromanganese/polymetallic nodules still remains a mystery 140 years after their discovery. The wealth of rare metals concentrated in these nodules has spurred global interest in exploring the mining potential of these resources. The prevailing theory of abiotic formation has been called into question and the role of microbial metabolisms in nodule development is now an area of active research. To understand the community structure of microbes associated with nodules and their surrounding sediment, we performed targeted sequencing of the V4 hypervariable region of the 16S rRNA gene from three nodules collected from the central South Pacific. Results have shown that the microbial communities of the nodules are significantly distinct from the communities in the surrounding sediments, and that the interiors of the nodules harbor communities different from the exterior. This suggests not only differences in potential metabolisms between the nodule and sediment communities, but also differences in the dominant metabolisms of interior and exterior communities.</para>
</abstract>
<keywordSet>
       <keyword>Metagenomics</keyword>
       <keyword>environmental genomics</keyword>
        <keywordThesaurus>N/A</keywordThesaurus>
</keywordSet>

<intellectualRights>
<para>This work is licensed under a <ulink url="http://creativecommons.org/licenses/by/4.0/legalcode"><citetitle>Creative Commons Attribution Non Commercial (CC-BY) 4.0 License</citetitle></ulink>.</para>
</intellectualRights>
<distribution scope="document">
<online>
 <url function="information">https://www.ebi.ac.uk/metagenomics/studies/MGYS00002488</url>
</online>
</distribution>

<maintenance>
<description>
 <para></para>
</description>
<maintenanceUpdateFrequency>unkown</maintenanceUpdateFrequency>
</maintenance>

 <contact>
 <organizationName>BioProject</organizationName>
<address>
    <deliveryPoint></deliveryPoint>
    <city></city>
    <postalCode></postalCode>
    <country>undefined</country>
</address>
<phone></phone>

 </contact>
<methods>
   <methodStep>
     <description>
       <para>Pipeline used: https://www.ebi.ac.uk/metagenomics/pipelines/4.1</para>
     </description>
   </methodStep>
 <sampling>

   <samplingDescription>
     <para>
     The formation and maintenance of deep-sea ferromanganese/polymetallic nodules still remains a mystery 140 years after their discovery. The wealth of rare metals concentrated in these nodules has spurred global interest in exploring the mining potential of these resources. The prevailing theory of abiotic formation has been called into question and the role of microbial metabolisms in nodule development is now an area of active research. To understand the community structure of microbes associated with nodules and their surrounding sediment, we performed targeted sequencing of the V4 hypervariable region of the 16S rRNA gene from three nodules collected from the central South Pacific. Results have shown that the microbial communities of the nodules are significantly distinct from the communities in the surrounding sediments, and that the interiors of the nodules harbor communities different from the exterior. This suggests not only differences in potential metabolisms between the nodule and sediment communities, but also differences in the dominant metabolisms of interior and exterior communities.
     </para>
   </samplingDescription>
 </sampling>
 
</methods>
<project >
<title>Microbial communities associated with ferromanganese nodules and the surrounding sediments</title>

</project>
</dataset>
<additionalMetadata>
<metadata>
<gbif>
<bibliography>     
    <citation identifier="DOI:10.3389/fmicb.2013.00161">Tully BJ, Heidelberg JF. 2013. Microbial communities associated with ferromanganese nodules and the surrounding sediments. Front Microbiol vol. 4</citation>
  </bibliography>
</gbif>

</metadata>
</additionalMetadata>
</eml:eml>