<eml:eml xmlns:eml="eml://ecoinformatics.org/eml-2.1.1"
    xmlns:dc="http://purl.org/dc/terms/"
    xmlns:xsi="http://www.w3.org/2001/XMLSchema-instance"
    xsi:schemaLocation="eml://ecoinformatics.org/eml-2.1.1 http://rs.gbif.org/schema/eml-gbif-profile/1.1/eml.xsd"
    packageId="84d26682-f762-11e1-a439-00145eb45e9a/v9.3" system="http://gbif.org" scope="system"
    xml:lang="en">
<dataset>
<title xml:lang="en">Development and validation of a multi-trophic metabarcoding biotic index for benthic organic enrichment biomonitoring using a salmon farm case-study.</title>

<creator>
<organizationName>BioProject</organizationName>
<address>
    <deliveryPoint></deliveryPoint>
    <city></city>
    <postalCode></postalCode>
    <country>undefined</country>
</address>
<phone></phone>
</creator>

<metadataProvider>
<organizationName>BioProject</organizationName>
<address>
    <deliveryPoint></deliveryPoint>
    <city></city>
    <postalCode></postalCode>
    <country>undefined</country>
</address>
<phone></phone>
</metadataProvider>

<pubDate>
 2018-08-30T19:38:25
</pubDate>
<language>en</language>
<abstract>
     <para>Salmon farms are often associated with strong benthic enrichment gradients. Routine monitoring is usually required by regulation, and has traditionally been based on benthic macrofaunal communities. This is reliant on taxonomic expertise, excludes analsyis of micro-organisms and turn-around times can be slow, limiting opportunities for adaptive management. Environmental metabarcoding is a powerful high-throughput sequencing-based technique that is promising for identifying and quantifying assemblages of benthic organisms for biomonitoring. Previous studies have demonstrated relationships between specific taxonomic groups (e.g., bacteria, foraminifera or other eukaryotes) and anthropogenic effects. However, there is uncertainty around applicability at larger spatial and temporal scales, and the absence of fixed categorical scales makes the use of data challenging for routine biomonitoring. In this study, we analysed 105 sediment samples collected over three years from three salmon farms spanning two separate bioregions. Environmental DNA and RNA (eDNA/eRNA) metabarcoding of three taxonomic groups (foraminifera [For], bacteria [Bac], and general eukaryotes [Euk]) was undertaken in parallel with traditional macrofaunal and biochemical analysis (which were used to calculate an Enrichment Stage [ES] index for each sample). The most abundant 200 to 250 Operational Taxonomic Units in each taxonomic group were assigned to Eco-Groups (EG) using a quantitative, quality-based method. These were then used to develop a Metabarcoding Biotic Index (MBI) for each group individually (For-MBI, Bac-MBI, and Euk-MBI) and in combination (multi-trophic MBI; mt-MBI). Based on our assessment criteria we robustly allocated ca. 500 EG to a wide range of known and unknown taxa. Using both the development (year 1 [Y1] and 2 [Y2]) and independent validation (year 3) datasets the weakest correlation was between For-MBI and ES (eDNA/RNA, R2 = 0.731 to 0.850), whereas strong correlations were obtained between the mt-MBI and, or when just Bac and Euk data (mt[Bac+Euk]-MBI) were combined (eDNA/RNA, R2 > 0.900). Consequently, we suggest that foraminifera be excluded from the mt-MBI, which will reduce analytical time and costs. The strong correlations obtained between the mt-MBI and ES confirms that it has the potential to complement or even replace current fish farm biomonitoring techniques in the near future.</para>
</abstract>
<keywordSet>
       <keyword>Metagenomics</keyword>
       <keyword>environmental genomics</keyword>
        <keywordThesaurus>N/A</keywordThesaurus>
</keywordSet>

<intellectualRights>
<para>This work is licensed under a <ulink url="http://creativecommons.org/licenses/by/4.0/legalcode"><citetitle>Creative Commons Attribution Non Commercial (CC-BY) 4.0 License</citetitle></ulink>.</para>
</intellectualRights>
<distribution scope="document">
<online>
 <url function="information">https://www.ebi.ac.uk/metagenomics/studies/MGYS00002724</url>
</online>
</distribution>

<maintenance>
<description>
 <para></para>
</description>
<maintenanceUpdateFrequency>unkown</maintenanceUpdateFrequency>
</maintenance>

 <contact>
 <organizationName>BioProject</organizationName>
<address>
    <deliveryPoint></deliveryPoint>
    <city></city>
    <postalCode></postalCode>
    <country>undefined</country>
</address>
<phone></phone>

 </contact>
<methods>
   <methodStep>
     <description>
       <para>Pipeline used: https://www.ebi.ac.uk/metagenomics/pipelines/4.1</para>
     </description>
   </methodStep>
 <sampling>

   <samplingDescription>
     <para>
     Salmon farms are often associated with strong benthic enrichment gradients. Routine monitoring is usually required by regulation, and has traditionally been based on benthic macrofaunal communities. This is reliant on taxonomic expertise, excludes analsyis of micro-organisms and turn-around times can be slow, limiting opportunities for adaptive management. Environmental metabarcoding is a powerful high-throughput sequencing-based technique that is promising for identifying and quantifying assemblages of benthic organisms for biomonitoring. Previous studies have demonstrated relationships between specific taxonomic groups (e.g., bacteria, foraminifera or other eukaryotes) and anthropogenic effects. However, there is uncertainty around applicability at larger spatial and temporal scales, and the absence of fixed categorical scales makes the use of data challenging for routine biomonitoring. In this study, we analysed 105 sediment samples collected over three years from three salmon farms spanning two separate bioregions. Environmental DNA and RNA (eDNA/eRNA) metabarcoding of three taxonomic groups (foraminifera [For], bacteria [Bac], and general eukaryotes [Euk]) was undertaken in parallel with traditional macrofaunal and biochemical analysis (which were used to calculate an Enrichment Stage [ES] index for each sample). The most abundant 200 to 250 Operational Taxonomic Units in each taxonomic group were assigned to Eco-Groups (EG) using a quantitative, quality-based method. These were then used to develop a Metabarcoding Biotic Index (MBI) for each group individually (For-MBI, Bac-MBI, and Euk-MBI) and in combination (multi-trophic MBI; mt-MBI). Based on our assessment criteria we robustly allocated ca. 500 EG to a wide range of known and unknown taxa. Using both the development (year 1 [Y1] and 2 [Y2]) and independent validation (year 3) datasets the weakest correlation was between For-MBI and ES (eDNA/RNA, R2 = 0.731 to 0.850), whereas strong correlations were obtained between the mt-MBI and, or when just Bac and Euk data (mt[Bac+Euk]-MBI) were combined (eDNA/RNA, R2 > 0.900). Consequently, we suggest that foraminifera be excluded from the mt-MBI, which will reduce analytical time and costs. The strong correlations obtained between the mt-MBI and ES confirms that it has the potential to complement or even replace current fish farm biomonitoring techniques in the near future.
     </para>
   </samplingDescription>
 </sampling>
 
</methods>
<project >
<title>Development and validation of a multi-trophic metabarcoding biotic index for benthic organic enrichment biomonitoring using a salmon farm case-study.</title>

</project>
</dataset>
<additionalMetadata>
<metadata>
<gbif>
<bibliography>     
    
  </bibliography>
</gbif>

</metadata>
</additionalMetadata>
</eml:eml>