<eml:eml xmlns:eml="eml://ecoinformatics.org/eml-2.1.1"
    xmlns:dc="http://purl.org/dc/terms/"
    xmlns:xsi="http://www.w3.org/2001/XMLSchema-instance"
    xsi:schemaLocation="eml://ecoinformatics.org/eml-2.1.1 http://rs.gbif.org/schema/eml-gbif-profile/1.1/eml.xsd"
    packageId="84d26682-f762-11e1-a439-00145eb45e9a/v9.3" system="http://gbif.org" scope="system"
    xml:lang="en">
<dataset>
<title xml:lang="en">SCHEMA_Sediment</title>

<creator>
<organizationName>BioProject</organizationName>
<address>
    <deliveryPoint></deliveryPoint>
    <city></city>
    <postalCode></postalCode>
    <country>undefined</country>
</address>
<phone></phone>
</creator>

<metadataProvider>
<organizationName>BioProject</organizationName>
<address>
    <deliveryPoint></deliveryPoint>
    <city></city>
    <postalCode></postalCode>
    <country>undefined</country>
</address>
<phone></phone>
</metadataProvider>

<pubDate>
 2018-07-26T15:29:47
</pubDate>
<language>en</language>
<abstract>
     <para>GoM-SCHEMA: Shipwreck Corrosion, Hydrocarbon Exposure, Microbiology and Archaeology Project</para>
</abstract>
<keywordSet>
       <keyword>Metagenomics</keyword>
       <keyword>environmental genomics</keyword>
        <keywordThesaurus>N/A</keywordThesaurus>
</keywordSet>

<intellectualRights>
<para>This work is licensed under a <ulink url="http://creativecommons.org/licenses/by/4.0/legalcode"><citetitle>Creative Commons Attribution Non Commercial (CC-BY) 4.0 License</citetitle></ulink>.</para>
</intellectualRights>
<distribution scope="document">
<online>
 <url function="information">https://www.ebi.ac.uk/metagenomics/studies/MGYS00002668</url>
</online>
</distribution>

<maintenance>
<description>
 <para></para>
</description>
<maintenanceUpdateFrequency>unkown</maintenanceUpdateFrequency>
</maintenance>

 <contact>
 <organizationName>BioProject</organizationName>
<address>
    <deliveryPoint></deliveryPoint>
    <city></city>
    <postalCode></postalCode>
    <country>undefined</country>
</address>
<phone></phone>

 </contact>
<methods>
   <methodStep>
     <description>
       <para>Pipeline used: https://www.ebi.ac.uk/metagenomics/pipelines/4.1</para>
     </description>
   </methodStep>
 <sampling>

   <samplingDescription>
     <para>
     GoM-SCHEMA: Shipwreck Corrosion, Hydrocarbon Exposure, Microbiology and Archaeology Project
     </para>
   </samplingDescription>
 </sampling>
 
</methods>
<project >
<title>SCHEMA_Sediment</title>

</project>
</dataset>
<additionalMetadata>
<metadata>
<gbif>
<bibliography>     
    <citation identifier="DOI:10.1038/s41598-018-27350-z">Hamdan LJ, Salerno JL, Reed A, Joye SB, Damour M. 2018. The impact of the Deepwater Horizon blowout on historic shipwreck-associated sediment microbiomes in the northern Gulf of Mexico. Sci Rep vol. 8</citation>
  </bibliography>
</gbif>

</metadata>
</additionalMetadata>
</eml:eml>