<eml:eml xmlns:eml="eml://ecoinformatics.org/eml-2.1.1"
    xmlns:dc="http://purl.org/dc/terms/"
    xmlns:xsi="http://www.w3.org/2001/XMLSchema-instance"
    xsi:schemaLocation="eml://ecoinformatics.org/eml-2.1.1 http://rs.gbif.org/schema/eml-gbif-profile/1.1/eml.xsd"
    packageId="84d26682-f762-11e1-a439-00145eb45e9a/v9.3" system="http://gbif.org" scope="system"
    xml:lang="en">
<dataset>
<title xml:lang="en">Baltic Sea high-frequency temporal study 2012 at the Linnaeus Microbial Observatory Targeted Locus (Loci)</title>

<creator>
<organizationName>BioProject</organizationName>
<address>
    <deliveryPoint></deliveryPoint>
    <city></city>
    <postalCode></postalCode>
    <country>undefined</country>
</address>
<phone></phone>
</creator>

<metadataProvider>
<organizationName>BioProject</organizationName>
<address>
    <deliveryPoint></deliveryPoint>
    <city></city>
    <postalCode></postalCode>
    <country>undefined</country>
</address>
<phone></phone>
</metadataProvider>

<pubDate>
 2018-09-03T10:19:35
</pubDate>
<language>en</language>
<abstract>
     <para>The goal of our high temporal resolution study is to elucidate intra- and interannual detailed differences in bacterial community composition between different filter size fraction, i.e. particle attached vs. free living marine bacterioplankton.</para>
</abstract>
<keywordSet>
       <keyword>Metagenomics</keyword>
       <keyword>environmental genomics</keyword>
        <keywordThesaurus>N/A</keywordThesaurus>
</keywordSet>

<intellectualRights>
<para>This work is licensed under a <ulink url="http://creativecommons.org/licenses/by/4.0/legalcode"><citetitle>Creative Commons Attribution Non Commercial (CC-BY) 4.0 License</citetitle></ulink>.</para>
</intellectualRights>
<distribution scope="document">
<online>
 <url function="information">https://www.ebi.ac.uk/metagenomics/studies/MGYS00002766</url>
</online>
</distribution>

<maintenance>
<description>
 <para></para>
</description>
<maintenanceUpdateFrequency>unkown</maintenanceUpdateFrequency>
</maintenance>

 <contact>
 <organizationName>BioProject</organizationName>
<address>
    <deliveryPoint></deliveryPoint>
    <city></city>
    <postalCode></postalCode>
    <country>undefined</country>
</address>
<phone></phone>

 </contact>
<methods>
   <methodStep>
     <description>
       <para>Pipeline used: https://www.ebi.ac.uk/metagenomics/pipelines/4.1</para>
     </description>
   </methodStep>
 <sampling>

   <samplingDescription>
     <para>
     The goal of our high temporal resolution study is to elucidate intra- and interannual detailed differences in bacterial community composition between different filter size fraction, i.e. particle attached vs. free living marine bacterioplankton.
     </para>
   </samplingDescription>
 </sampling>
 
</methods>
<project >
<title>Baltic Sea high-frequency temporal study 2012 at the Linnaeus Microbial Observatory Targeted Locus (Loci)</title>

</project>
</dataset>
<additionalMetadata>
<metadata>
<gbif>
<bibliography>     
    
  </bibliography>
</gbif>

</metadata>
</additionalMetadata>
</eml:eml>