<eml:eml xmlns:eml="eml://ecoinformatics.org/eml-2.1.1"
    xmlns:dc="http://purl.org/dc/terms/"
    xmlns:xsi="http://www.w3.org/2001/XMLSchema-instance"
    xsi:schemaLocation="eml://ecoinformatics.org/eml-2.1.1 http://rs.gbif.org/schema/eml-gbif-profile/1.1/eml.xsd"
    packageId="84d26682-f762-11e1-a439-00145eb45e9a/v9.3" system="http://gbif.org" scope="system"
    xml:lang="en">
<dataset>
<title xml:lang="en">Diversity of microbial community (bacteria, micro-eukaryotes and fungi) in the Passage of Lascaux Cave.</title>

<creator>
<organizationName>UMR5557</organizationName>
<address>
    <deliveryPoint></deliveryPoint>
    <city></city>
    <postalCode></postalCode>
    <country>undefined</country>
</address>
<phone></phone>
</creator>

<metadataProvider>
<organizationName>UMR5557</organizationName>
<address>
    <deliveryPoint></deliveryPoint>
    <city></city>
    <postalCode></postalCode>
    <country>undefined</country>
</address>
<phone></phone>
</metadataProvider>

<pubDate>
 2018-06-08T14:37:27
</pubDate>
<language>en</language>
<abstract>
     <para>In the Passage of Lascaux Cave (France), the potential effect of season, mineral substrate and presence of stains was tested on present (DNA) and active (RNA) microbial community with high-throughput sequencing.Three genes markers of microbial diversity were analyzed, the 16S rRNA genes specific for bacteria, the 18S rRNA genes specific for micro-eukaryotes and the second internal transcribed spacer (ITS2) specific for fungi. Sequences corresponding to active microbial community were named with c.</para>
</abstract>
<keywordSet>
       <keyword>Metagenomics</keyword>
       <keyword>environmental genomics</keyword>
        <keywordThesaurus>N/A</keywordThesaurus>
</keywordSet>

<intellectualRights>
<para>This work is licensed under a <ulink url="http://creativecommons.org/licenses/by/4.0/legalcode"><citetitle>Creative Commons Attribution Non Commercial (CC-BY) 4.0 License</citetitle></ulink>.</para>
</intellectualRights>
<distribution scope="document">
<online>
 <url function="information">https://www.ebi.ac.uk/metagenomics/studies/MGYS00002401</url>
</online>
</distribution>

<maintenance>
<description>
 <para></para>
</description>
<maintenanceUpdateFrequency>unkown</maintenanceUpdateFrequency>
</maintenance>

 <contact>
 <organizationName>UMR5557</organizationName>
<address>
    <deliveryPoint></deliveryPoint>
    <city></city>
    <postalCode></postalCode>
    <country>undefined</country>
</address>
<phone></phone>

 </contact>
<methods>
   <methodStep>
     <description>
       <para>Pipeline used: https://www.ebi.ac.uk/metagenomics/pipelines/4.1</para>
     </description>
   </methodStep>
 <sampling>

   <samplingDescription>
     <para>
     In the Passage of Lascaux Cave (France), the potential effect of season, mineral substrate and presence of stains was tested on present (DNA) and active (RNA) microbial community with high-throughput sequencing.Three genes markers of microbial diversity were analyzed, the 16S rRNA genes specific for bacteria, the 18S rRNA genes specific for micro-eukaryotes and the second internal transcribed spacer (ITS2) specific for fungi. Sequences corresponding to active microbial community were named with c.
     </para>
   </samplingDescription>
 </sampling>
 
</methods>
<project >
<title>Diversity of microbial community (bacteria, micro-eukaryotes and fungi) in the Passage of Lascaux Cave.</title>

</project>
</dataset>
<additionalMetadata>
<metadata>
<gbif>
<bibliography>     
    
  </bibliography>
</gbif>

</metadata>
</additionalMetadata>
</eml:eml>